REFERENZNAMEN,NAMENSVARIANTEN AB 1870,ÄLTERE BEZEICHNUNGEN,UMBENENNUNGEN VOR 1800,UMBENENNUNGEN IM 19. JAHRHUNDERT,UMBENENNUNGEN NACH 1900
Adlerstraße,Adler-Str.; Adler-Straße; Adler-Strasse; Adler-St.; Adlerstraße; Adlerstrasse; Adlerstr.; Adlerst.,Roßmarkt; Alter Roßmarkt,bis 1652: Roßmarkt; 1652 bis 1809/10: Roßmarkt od. Alter Roßmarkt,ab 1809/10: Adlerstraße,
Agnesbrücke,Agnes-Brücke; Agnes-Br.; Agnesbrücke; Agnesbr.,Hölzerne Brücke beim Wildbad; Alte Heubrücke; Hölzerne Heubrücke; Jagersbrücke,"Bis ins 19. Jh.: ""Hölzerne Brücke beim Wildbad"", ""Alte Heubrücke"", ""Hölzerne Heubrücke""","1811 ""Jagersbrücke"", 1894 amtlich ""Agnes-Brücke""",
Agnesgasse,Agnes-Gasse; Agnes-Gaße; Agnes-Gässchen; Agnes-Gäßchen; Agnes-Gässlein; Agnes-Gäßlein; Agnes-G.; Agnesgasse; Agnesgaße; Agnesgässchen; Agnesgäßchen; Agnesgässlein; Agnesgäßlein; Agnesg.,Hundsgäßlein ,"früher: ""Hundsgäßlein""",1828 in Agnes-Gasse umbenannt,
Albrecht-Dürer-Platz,Albrecht-Dürer-Platz; Albrecht-Dürer-Plaz; Albrecht-Dürer-Pl.; Albrecht-Dürer-P.; Albrecht-Dürersplatz; Albrecht-Dürersplaz; Albrecht-Dürerspl.; Albrecht-Dürersp.; Albrecht Dürer-Plaz; Albrecht Dürer-Platz; Albrecht Dürer-Pl.; Albrecht Dürer-P.; Dürer-Platz; Dürer-Plaz; Dürer-Pl.; Dürer-P.; Dürerplatz; Dürerplaz; Dürerpl.; Dürerp.; Albrecht Dürersplatz; Albrecht Dürersplaz; Albrecht Dürerspl.; Albrecht Dürersp.; Albrecht Dürerplatz; Albrecht Dürerplaz; Albrecht Dürerpl.; Albrecht Dürerp.; Albrechtdürrersplaz; Albrechtdürrersplatz; Albrechtdürrerspl.; Albrechtdürrersp.; Albrechtdürersplaz; Albrechtdürersplatz; Albrechtdürerspl.; Albrechtdürersp.; Albr. Dür. Plaz; Albr. Dür. Platz; Albr. Dür. Pl.; Albr. Dür. P.; Albr. Dürersplatz; Albr. Dürersplaz; Albr. Dürerspl.; Albr. Dürersp.,Unterer Milchmarkt,"Um 1800 als ""Unterer Milchmarkt"" bezeichnet.",1828 in Albrecht-Dürer-Platz umbenannt,
Albrecht-Dürer-Straße,Albrecht-Dürer-Straße; Albrecht-Dürer-Strasse; Albrecht-Dürer-Str.; Albrecht-Dürer-St.; Albrecht-Dürerstraße; Albrecht-Dürerstrasse; Albrecht-Dürerstr.; Albrecht-Dürerst.; Albrecht Dürer-Straße; Albrecht Dürer-Strasse; Albrecht Dürer-Str.; Albrecht Dürer-St.; Dürer-Straße; Dürer-Strasse; Dürer-Str.; Dürer-St.; Albrecht Dürerstraße; Albrecht Dürerstrasse; Albrecht Dürerstr.; Albrecht Dürerst.; Albrechtdürerstraße; Albrechtdürerstrasse; Albrechtdürerstr.; Albrechtdürerst.; Albr. Dürerstraße; Albr. Dürerstrasse; Albr. Dürerstr.; Albr. Dürerst.,Zisselgasse; Zistelgasse,"Bereits 1295 belegte Straße:  - ""Zissel-"" oder auch ""Zistelgasse"". ",1809/ 10 wurde die Straße nach Albrecht Dürer umbenannt.,
Am Gräslein,"Am Gräslein; a. Gräslein; Gräslein; Gräslein, am; Am Graeslein; Am Gräßlein; Am Grässlein",auf dem Gras; auf dem Gräslein,"seit 16. Jh.: auf dem Gras, auf dem Gräslein",1809/10: Am Gräslein,
Am Hallertor,"Hallertor; Hallerthor; Hallerthor, am; Hallertor, am",,,1881/ 82 wurde der Maxplatz durch einen breitangelegten Mauerdurchbruch (Hallertor) mit Grabenüberdämmung an den Altstadtring angeschlossen.,
Am Laufer Schlagturm,"Am Laufer Schlagturm; Am Laufer Schlagthurm; a. Laufer Schlagturm; a. Laufer Schlagthurm; Am Lauferschlagturm; Am Lauferschlagthurm; a. Lauferschlagturm; a. Lauferschlagthurm; Lauferschlagturm, am; Lauferschlagthurm, am",,,,
Am Ölberg,"Am Ölberg; a. Ölberg; Ölberg, am; Am Oelberg; a. Oelberg; Oelberg, am",Auf dem Ölberg,"früher '""Auf dem Ö.""",,
Am Sand,"Am Sand; a. Sand; Sand, am",auf dem Sand,"Bezeichnung 'am Sand' bzw. 'auf dem Sand', war seit dem 14. Jh. für den gesamten Uferbereich nördlich der Insel Schütt geläufig.",,
An der Fleischbrücke,"An der Fleisch-Brücke; An der Fleisch-Brüke; a. der Fleisch-Brücke; a. der Fleisch-Brüke; An der Fleischbrücke; An der Fleischbrüke; a. der Fleischbrücke; a. der Fleischbrüke; Fleischbrücke, an der; Fleischbrüke, an der",,"Kein Eintrag im Stadtlexikon 
Wegweiser für Fremde in Nürnberg (1801) erwähnt ""An der Fleischbrücke"" im Register für ""Bierschenken ohne Schild, Zeichen und Namen""",,
An der Karlsbrücke,"An der Karlsbrücke; An der Karlsbrüke; An der Karls-Brücke; An der Karls-Brüke; a. der Karlsbrücke; a. der Karlsbrüke; a. der Karls-Brücke; a. der Karls-Brüke; Karlsbrücke, an der; Karlsbrüke, an der",,Kein Eintrag im Stadtlexikon ,,
An der Mauthalle,"An der Mauthalle; a. der Mauthalle; Mauthalle, an der",,Kein Eintrag im Stadtlexikon ,,
Augustinerstraße,Augustiner-Strasse; Augustiner-Straße; Augustiner-Str.; Augustiner-St.; Augustinerstraße; Augustinerstrasse; Augustinerstr.; Augustinerst.; August-Straße; August-Strasse; August-Str.; August-St.; Auguststraße; Auguststrasse; Auguststr.; Augustst.,Fröschau; Fröschaugäßlein; Bei den Augustinern,"früher: ""Fröschau( gäßlein)"".","Der heutige, 1878 offiziell eingeführte Straßenname geht auf das 1525 aufgehobene Augustinerkloster zurück und greift die alte topographische Bezeichnung 'Bei den Augustinern' wieder auf, die 1809/ 10 in ' Auguststraße' umbenannt worden war.",
Äußere Laufer Gasse,"Äussere Laufer-Gasse; Äussere Laufer-Gaße; Äussere Laufer-G.; äussere Laufer-Gasse; äussere Laufer-Gaße; äussere Laufer-G.; Aeussere Laufer-Gasse; Aeussere Laufer-Gaße; Aeussere Laufer-G.; aeussere Laufer-Gasse; aeussere Laufer-Gaße; aeussere Laufer-G.; Äußere Laufer-Gasse; Äußere Laufer-Gaße; Äußere Laufer-G.; Aeußere Laufer-Gasse; Aeußere Laufer-Gaße; Aeußere Laufer-G.; äußere Laufer-Gasse; äußere Laufer-Gaße; äußere Laufer-G.; aeußere Laufer-Gasse; aeußere Laufer-Gaße; aeußere Laufer-G.; Äuss. Laufer-Gasse; Äuss. Laufer-Gaße; Äuss. Laufer-G.; äuss. Laufer-Gasse; äuss. Laufer-Gaße; äuss. Laufer-G.; Aeuss. Laufer-Gasse; Aeuss. Laufer-Gaße; Aeuss. Laufer-G.;aeuss. Laufer-Gasse; aeuss. Laufer-Gaße; aeuss. Laufer-G.; Äuß. Laufer-Gasse; Äuß. Laufer-Gaße; Äuß. Laufer-G.; Aeuß. Laufer-Gasse; Aeuß. Laufer-Gaße; Aeuß. Laufer-G.; äuß. Laufer-Gasse; äuß. Laufer-Gaße; äuß. Laufer-G.; aeuß. Laufer-Gasse; aeuß. Laufer-Gaße; aeuß. Laufer-G.; Äußere Laufer Gasse; Äußere Laufer Gaße; Äußere Laufer G.; äußere Laufer Gasse; äußere Laufer Gaße; äußere Laufer G.; Aeußere Laufer Gasse; Aeußere Laufer Gaße; Aeußere Laufer G.; aeußere Laufer Gasse; aeußere Laufer Gaße; aeußere Laufer G.; Äussere Laufer Gasse; Äussere Laufer Gaße; Äussere Laufer G.; äussere Laufer Gasse; äussere Laufer Gaße; äussere Laufer G.; Aeussere Laufer Gasse; Aeussere Laufer Gaße; Aeussere Laufer G.; aeussere Laufer Gasse; aeussere Laufer Gaße; aeussere Laufer G.; Äuß. Laufer Gasse; Äuß. Laufer Gaße; Äuß. Laufer G.; äuß. Laufer Gasse; äuß. Laufer Gaße; äuß. Laufer G.; Aeuß. Laufer Gasse; Aeuß. Laufer Gaße; Aeuß. Laufer G.; aeuß. Laufer Gasse; aeuß. Laufer Gaße; aeuß. Laufer G.; Äuss. Laufer Gasse; Äuss. Laufer Gaße; Äuss. Laufer G.; äuss. Laufer Gasse; äuss. Laufer Gaße; äuss. Laufer G.; Aeuss. Laufer Gasse; Aeuss. Laufer Gaße; Aeuss. Laufer G.; aeuss. Laufer Gasse; aeuss. Laufer Gaße; aeuss. Laufer G.; Aeußere Laufergasse; Aeußere Laufergaße; Aeußere Lauferg.; aeußere Laufergasse; aeußere Laufergaße; aeußere Lauferg.; Äußere Laufergasse; Äußere Laufergaße; Äußere Lauferg.; äußere Laufergasse; äußere Laufergaße; äußere Lauferg.; Aeussere Laufergasse; Aeussere Laufergaße; Aeussere Lauferg.; aeussere Laufergasse; aeussere Laufergaße; aeussere Lauferg.; Äussere Laufergasse; Äussere Laufergaße; Äussere Lauferg.; äussere Laufergasse; äussere Laufergaße; äussere Lauferg.; Aeuß. Laufergasse; Aeuß. Laufergaße; Aeuß. Lauferg.; aeuß. Laufergasse; aeuß. Laufergaße; aeuß. Lauferg.; Äuß. Laufergasse; Äuß. Laufergaße; Äuß. Lauferg.; äuß. Laufergasse; äuß. Laufergaße; äuß. Lauferg.; Aeuss. Laufergasse; Aeuss. Laufergaße; Aeuss. Lauferg.; aeuss. Laufergasse; aeuss. Laufergaße; aeuss. Lauferg.; Äuss. Laufergasse; Äuss. Laufergaße; Äuss. Lauferg.; äuss. Laufergasse; äuss. Laufergaße; äuss. Lauferg.; Laufergasse, äußere; Laufergaße, äußere; Lauferg., äußere; Laufergasse, äussere; Laufergaße, äussere; Lauferg., äussere; Laufergasse, aeußere; Laufergaße, aeußere; Lauferg., aeußere; Laufergasse, aeussere; Laufergaße, aeussere; Lauferg., aeussere; Laufergasse, äuß.; Laufergaße, äuß.; Lauferg., äuß.; Laufergasse, äuss.; Laufergaße, äuss.; Lauferg., äuss.; Laufergasse, aeuß.; Laufergaße, aeuß.; Lauferg., aeuß.; Laufergasse, aeuss.; Laufergaße, aeuss.; Lauferg., aeuss.; Laufer Gasse, äußere; Laufer Gaße, äußere; Laufer G., äußere; Laufer Gasse, äussere; Laufer Gaße, äussere; Laufer G., äussere; Laufer Gasse, aeußere; Laufer Gaße, aeußere; Laufer G., aeußere; Laufer Gasse, aeussere; Laufer Gaße, aeussere; Laufer G., aeussere; Laufer Gasse, äuß.; Laufer Gaße, äuß.; Laufer G., äuß.; Laufer Gasse, äuss.; Laufer Gaße, äuss.; Laufer G., äuss.; Laufer Gasse, aeuß.; Laufer Gaße, aeuß.; Laufer G., aeuß.; Laufer Gasse, aeuss.; Laufer Gaße, aeuss.; Laufer G., aeuss.; Laufer-Gasse, äußere; Laufer-Gaße, äußere; Laufer-G., äußere; Laufer-Gasse, äussere; Laufer-Gaße, äussere; Laufer-G., äussere; Laufer-Gasse, aeußere; Laufer-Gaße, aeußere; Laufer-G., aeußere; Laufer-Gasse, aeussere; Laufer-Gaße, aeussere; Laufer-G., aeussere; Laufer-Gasse, äuß.; Laufer-Gaße, äuß.; Laufer-G., äuß.; Laufer-Gasse, äuss.; Laufer-Gaße, äuss.; Laufer-G., äuss.; Laufer-Gasse, aeuß.; Laufer-Gaße, aeuß.; Laufer-G., aeuß.; Laufer-Gasse, aeuss.; Laufer-Gaße, aeuss.; Laufer-G., aeuss.",Spiegelgasse,"Der mittlere Teil der L. zwischen dem Laufer Schlagturm bis über den Münzhof hinaus bis ins 15. Jh. ""Spiegelgasse"". Spätestens seit dem 16. Jh. übliche Unterscheidung zwischen Innerer und Äußerer L.",1809 amtliche Anerkennung von Äußerer Laufer-Gasse.,
Äußerer Laufer Platz,"Äusserer Laufer-Platz; Äußerer Laufer Platz; Äußerer Lauferplatz; Lauferplatz, äußerer",Beim Laufer Tor,"im 15 Jh.:""beim Laufer Tor""",1809/10 amtlich anerkannt,
Backleinshof,Backleins-Hof; Backeleinshof; Backleinshof,,,,
Bankgasse,Bank-Gasse; Bankgasse,Wildsaugäßchen; Beim Heilsbronner Hof,bis 1785: Wildsaugäßchen; ab 1785: beim Heilsbronner Hof  ,1809/10: Bankgasse,
Bauhof,Bauhof,Peunt,bis 1428/30: Peunt (geschlossener Platz); ab 1428/30: Bauhof (als  Lagerplatz des 1428/30  dort ansässigen Bauamts),,
Bergstraße,Berg-Strasse; Bergstraße; Berg-Straße; Bergstrasse,Oberer Milchmarkt; Am Tiergärtnertor,"früher: 'Oberer Milchmarkt', oberer Bereich: 'Am Tiergärtnertor'","1809/ 10 wurde die Straße, deren unterer Teil bis dahin ' Oberer Milchmarkt' genannt wurde, während der obere Bereich ' Am Tiergärtnertor' hieß, in B. geändert.",
Betzengässchen,Betzen-Gäßchen; Betzengäßchen; Bezengässchen,,Name seit dem 17. Jh. Belegt,,
Bindergasse,Binder-Gasse; Bindergasse; Binderg.,,Die Bezeichnung erscheint bereits im 14. Jh. ,,
Binsengasse,Binsen-Gasse; Binsengasse,,,,
Breite Gasse,Breite Gasse; Breitegasse,,seit 1295: Breite Gasse (lat: in lato vicu),,
Brunnengässchen ,Brunnengässchen; Brunnengäßchen; Brunnengasse (Sebalder Stadtseite),Hinter den Predigern; Am Rosenbad; Beim Rosenbad,"Urspr. ""hinter den Predigern"" oder auch nach dem einst hier gelegenen Rosenbad bezeichnet.",1809/10 amtlich Brunnengässchen,
Brunnengasse ,Brunnen-Gasse; Brunnengasse (Lorenzer Stadtseite),Schmale Gasse; Kotgasse; Kothgasse,wahrscheinlich ab 14. Jh.: Schmale Gasse; bis 1809/10 Kotgasse,1809/10: Brunnengasse,
Burgstraße,Burg-Str.; Burgstraße; Burgstr.; Burg-Straße; Burgstrasse,Unter der Veste; Auf der Veste; Bei den Predigern,"Früher: ""unter der Veste"" (1295  sub castro'), der auf der Höhe des Ölbergs gelegene Teil ""auf der Veste"" und der untere Teil ""bei den Predigern"".",1809/10 in Burg-Strasse benannt,
Büttnersgasse,Büttners-Gasse; Büttnersgasse; Büttnergasse; Buettnersgasse,,Seit dem 17. Jh. ist das ' Büttnersgäßlein' belegt.,,
Deutschhauskaserne,Deutschhaus-Kaserne; Deutschhauskaserne,,,1862/65 (Baujahr): Deutschhauskaserne ,
Doktorshof,Doctors-Hof; Doktorshof; Doktors-Hof,,ab Mitte 15. Jh. (?): Doktorshof (Nach ansässigem Dr. Peter Knorr),,
Dörrersgasse,Dörrers-Gasse; Dörrersgasse; Dörrersgäßlein; Doerrersgasse; Dörrergasse,,früher: Dörrersgäßlein,,
Dötschmannsplatz,Dötschmanns-Platz; Dötschmannsplatz; Dötschmannsplaz [sic!]; Am Dötschmannsplatz; Doetschmannsplatz,Am Zotenberg,"Vor 1809 : ""Am Zotenberg""",,
Douglashöhle,Douglashöhle,,,,
Ebnersgasse,Ebners-Gasse; Ebnersgasse; Ebnersstraße; Ebnergasse; Ebnerstraße,Tucherstraße,,1811: Tucherstraße,"Vor dem 2WK: Das westliche Teilstück der heutigen Tucherstraße:  ""Ebnersgasse"" genannt."
Ebrachergässchen,Ebracher Gässchen; Ebrachergäßchen; Ebracher Gäßlein,Ebracherhofgäßlein,"seit rst. Zeit: Ebracherhofgäßlein, Ebracher Gäßlein ",,
Egidienplatz,Egidien-Platz; Egydienplaz [sic!]; Egidienplatz; Egydienpl.; Egydienplatz; Aegidienplatz; Aegydienplatz; Ägidienplatz; Ägydienplatz,Egidienhof; Dielinghof; Dillinghof; Gilgenhof,"früher: Egidienhof' (auch 'Dieling- bzw. Dilling-', 'Gilgenhof') ","1809/10 ""Egidienplatz"" genannt",
Ellenbogengässchen,Ellenbogen-Gssch.; Am Ellenbogeng.; Ellenbogengäßchen,,,,
Engelhardsgasse,Engelhards-Gasse; Engelhardsgasse; Engelhardtsgasse,,ab 1486: Engelhardsgasse,,
Engelsgasse,Engels-G.; Engelsgäßchen; Engelsgasse; Engelsgäßlein,Weißer Engel," Früher: ""Weißer Engel"" ""Engelwirtsgäßlein""","1809/10: ""Engelsgäßlein""",
Entengasse,Enten-Gasse; Entengasse; Entengäßchen,Neue Gasse auf dem Steig,bis 1809/10: Neue Gasse auf dem Steig,1809/10: Entengäßchen,
Entenhof,Entenhof; Enten-Hof,,"Kein Eintrag im Stadtlexikon 
Wegweiser für Fremde in Nürnberg (1801) erwähnt einen ""Entenhof"" der ""Am Steig"" liegt",,
Färberplatz,Färberplatz; Faerberplatz,,,,1910: Färberplatz
Färberstraße,Färber-Strasse; Färberstraße; Färber-Straße; Färberstrasse; Färbersgasse; Färbergasse; Faerberstraße,Beim Färbersbrücklein,rst. Zeit: Beim Färbersbrücklein,1809/10: Färbersgasse,
Färbertor,Färber-Tor; Färbertor; Faerbertor,,,1848 (Baujahr): Färbertor ,
Fetzergasse,Fetzer-Gasse; Fetzergasse,,,,
Findelgasse,Findel-Gasse; Findelgasse,Bei der Findel,ab 16. Jh.: Bei der Findel,1809/10: Findelgasse,
Fischersteg,Fischersteg,,,,
Fleischbrücke,Fleisch-Brücke; Fleischbrücke,,Ab 1596/98: Fleischbrücke,,
Frankenhof,Frankenhof; Franken Hof; Franken-Hof,,"Kein Eintrag im Stadtlexikon
Wegweiser für Fremde in Nürnberg (1801) erwähnt einen Frankenhof der ""am Steig"" liegt+B50",,
Frauengasse,Frauen-Gasse; Frauengasse; Fraueng.,Maukental; Muckental,"früher: Mauken-, Muckental; ab: 15. Jh.: Frauengasse ?",,
Frauentormauer,Frauentormauer; Frauentor-Mauer; Frauenthormauer; Frauenthor-Mauer,,2. Hälfte 14. Jh.: Frauentormauer,,
Füll,Füll; Füllstraße; Fuell; Fuellstraße,Vordere Füll; Hintere Füll; Hoher Steg; Stille-Gasse; Stille Gasse,"Früher: ""Vordere F."" und ""Hintere F.""","Für den südlichen Steg(Füll), im 19. Jh.: Hoher Steg. 1809/10 ""Vordere Füll"" in ""Stille-Gasse"" umbenannt, 1819 Stille-Gasse in Füll zurück genannt.",
Fünferplatz,Fünfer-Platz; Fünferplatz; Fuenferplatz,,Seit 1870 belegter Name,,
Fürther Tor,Fürther-Tor; Fürthertor; Fürther Tor; Fuerther Tor,,,1894 (Baujahr): Fürthertor,
Gaishof,Gaishof; Geißhof; Gaißhof; Geishof,,"Kein Eintrag im Stadtlexikon
Wegweiser für Fremde in Nürnberg (1801) erwähnt einen Geißhof der gegenüber vom ""Waizenbräuhaus"" liegt 
(Waizenstraße 3; heute: Karl-Grillenberger-Straße)",,
Gässchen-Kehrum,Gässchen-Kehrum (Lorenzer Stadtseite),,,,
Geiersberg,Geiersberg,,Bereits im 14. Jh. ist der G. belegt,,
Geiersberggasse,Geiersberg-Gasse; Geiersberggasse,,,,
Gewerbemuseumsplatz,Gewerbemuseums-Platz; Gewerbemuseumsplatz,,,Ende 19. Jh.: Gewerbemuseumsplatz nach Bau des Gewerbemuseums ,"1995: Ein Teil des Platzes 
hin zum Marientorgraben 
wurde in Rosa-Luxemburg-
Platz umbenannt"
Glöckleinsgasse,Glöckleinsgasse; Gloeckleinsgasse; Glöckleingasse,An der Moritzkapelle; Bei der Moritzkapelle; Am Goldenen Posthorn; Beim Goldenen Posthorn,Früher: namenlose Verbindungsgasse (entweder nach der Moritzkapelle oder nach dem Goldenen Posthorn bezeichnet) ,"erst ab 1870 erscheint der Name ""Glöckleinsgasse""",
Grübelstraße,Grübel-Strasse; Grübelstraße; Grübels-Straße; Grübelstr.; Grübelstrasse; Grübelsstraße; Gruebelstraße,,,"1809/10 ""Grübelstraße"" genannt.",
Grundherrngässchen,Grundherrn-Gässchen; Grundherrngäßchen; Grundherrngäßch.; Grundherrngasse,Kehrumgäßchen,"früher: ""Kehrumgäßchen""",,
Gymnasialhof,Gymnasial-Hof; Gymnasialhof,Hinter St. Egidien,"früher: ""hinter St. Egidien""","1809/10 ""Gymnasialhof"" genannt",
Halbwachsengässchen,Halbwachsen-Gässchen; Halbwachseng.; Halbwachsengäßchen; Halbwachsengäßch.; Halbwachsengasse; Halbachsengäßlein [sic!],,,"Seit Anfang des 19. Jh. - fälschlich als ""Halbachsengäßlein"" belegter Straßenname. ",
Hallplatz,Hall-Platz; Hallplatz,Kohlemarkt; Kohlenmarkt,in rst. Zeit: Kohle(n)markt,1809/10: Hallplatz,
Hanseehof,Hanseehof; Handsee Hof; Handsee-Hof; Handseehof,,"Allg. Intelligenzblatt Nürnberg (1818&1826) sowie Wegweiser für Fremde in Nürnberg (1801) erwähnen einen ""Hanseehof"" in der Breiten Gasse",,
Hans-Sachs-Gasse,Hans-Sachs-Gasse; Hans Sachsgasse; Hans Sachsen-Gasse; Hans-Sachsengasse,,,,
Hauptmarkt,Haupt-Markt; Hauptmarkt; Am Hauptmarkt,Grüner Markt; Kälbermarkt; Fischmarkt; Krebsstock; Herrenmarkt; Unter der langen Kräme; unter dem Rieter,"früher: ""Grüner Markt""  Teilbereiche des Platzes waren bis 1809 nach den hier stattfindenden Sondermärkten benannt, so im Norden der Kälbermarkt, im Nordwesten der Fischmarkt und im Südwesten der sog. ' Krebsstock'. Der Bereich um den Fischmarkt an der 1560 gegründeten Börse hieß auch ' Herrenmarkt', während der südliche Bereich des Platzes nach den Verkaufskrämen ' Unter der langen Kräme' oder ' unter dem Rieter' genannt wurde.","1809/10 ""Hauptmarkt"" als Bezeichnung eingeführt","1933 ""Adolf-Hitler-Platz""; 1945 ""Eiserner Michael Platz"" (Iron Mike Place); 1945: Rückbenennung in ""Hauptmarkt"""
Hefnersplatz,"Hefners-Platz; Hefnersplatz, Häfners-Platz; Häfnersplätzchen; Haefnersplatz",Hefnersplätzlein; Heffnersplätzlein,in rst. Zeit: Hef(f)nersplätzlein,1809/10: Häfnersplätzchen,
Heldengässchen,Helden-Gässchen; Heldengäßchen; Heldengasse,,in rst. Zeit: Heldengäßchen,,
Henkerssteg,Henker-Steg; Henkerssteg; Henkersteg,,in rst. Zeit (1457?): Henkerssteg nach der Wohnung des Henkers,,
Herzgasse,Herz-Gasse; Herzgäßchen; Herzgasse; Herzgäßlein,Herzwirtsgäßlein,"früher: ""Herzwirtsgäßlein"""," 1809/10 ""Herzgäßlein""",
Heubrücke,Heu-Brücke,Schuldbrücke; Schuldturmbrücke; Brücke bei dem Schuldturm,"Früher: ""Schuld( turm) brücke"" oder ""Brücke bei dem Schuldturm"" genannt. ",,
Heugässchen,Heu-Gässchen; Heugäßchen; Heugäßlein,,,,
Hintere Beckschlagergasse,"Hintere Beckschlager-Gasse; Hintere Beckschlagergasse; Beckschlagergasse, hintere",Unruhegasse,"Seit 1485 belegt, auch als ""Unruhegasse"" bezeichnet.","Seit 1809/ 10 amtlich anerkannte (und bis 1945 auch der Realität entsprechende) Unterscheidung in ""Vordere B."" und ""Hintere B.""","1961 Umbenennung in ""Beckschlagergasse"". (beide Gassen zusammengelegt)"
Hintere Fischergasse,"Hintere-Fischer-Gasse; hintere Fischergasse; Hint. Fischergasse; Hintere Fischergasse; Fischergasse, hintere",Fischerstraße,,"1809/10 ""Fischerstraße"" amtlich anerkannt. Später: Unterscheidung zwischen ""Vorderer F."" und ""Hinterer F."" (wurde wieder hinfällig)",
Hintere Insel Schütt,"Hintere Insel Schütt; Hint. Insel Schütt; hint. Insel Schütt; Insel Schütt, hintere; Hintere Insel Schuett",insula; Schüdt; auf der Schütt,"INSEL SCHÜTT:  1376 als ""insula"" und 1596 erstmals als ""Schüdt"" belegt. Letztere Bezeichnung, für die sich bald ""auf der Schütt"" einbürgerte.",1809/ 10 amtlich anerkannt,
Hintere Karthäusergasse,"Hintere Kartäuser-Gasse; Hintere Kartäusergasse; Hint. Kartäuserg.; Hintere Karthäusergasse; Karthäusergasse, hintere; Hintere Karthaeusergasse",,wohl in rst. Zeit nach Kartäuserkirche benannt,,
Hintere Landauergasse,"Hintere Landauer-Gasse; Hintere Landauergasse; Landauergasse, hintere; Hintere Landauer Gasse",Hinter Allerheiligen,,"bis 1961 ""Hintere L."", vor 1809 ""Hinter Allerheiligen""",heute: Landauergasse
Hintere Ledergasse,"Hintere Leder-Gasse; Hintere Ledergasse; hint. Lederg.; Ledergasse, hintere",Ledergasse,bis 1809/10: Bezeichnung Ledergasse war bereits gebräuchlich,1809/10: Hintere und vordere Ledergasse,
Hintere Nägeleinsgasse,"Hintere Nageleins-Gasse; Nägleinsgasse; Hintere Nägeleinsgasse; hint. Nägeleinsgasse; Nägeleinsgasse, hintere; Hintere Nagleinsgasse; Hintere Naegeleinsgasse",,,,"Name ""Hintere Nägeleinsgasse"" 1969 aufgehoben"
Hintere Sterngasse,"Hintere Stern-Gasse; Hintere Sterngasse; Hint. Sterngasse; Sterngasse, hintere",Beim blauen Stern,"Gasse vom rst. Zeughaus zum ehem. Sterntor (= Vordere Sterngasse) im Volksmund der rst. Zeit: 'Im blauen Stern';
Parallel zur Stadtmauer verlaufende Gasse (=Hintere Sterngasse) in rst. Zeit: 'Beim blauen Stern'",1809/10: Sterngasse; 1870: Hintere und vordere Sterngasse,
Hinterer Spitalhof,"Hinterer Spitalhof; Spitalhof, hinterer",,,,
Hirschelgasse,Hirschel Gasse; Hirschelgasse; Hirschelg.,,,"Name ""Hirschelgasse"" 1809/10 amtlich anerkannt.",
Hofgarten,Hofgarten,,,,
Hoher Steg,Hoher-Steg; Hoher Steg,,,,
Hörmannsgässchen,Hermanns-Gässchen; Hermanns- ; Hörmannsgäßchen; Herrmannsgasse; Hoermannsgässchen,,Kein Eintrag im Stadtlexikon ,,
Hübnersplatz,Hübners-Platz; Hübnersplatz; Huebnersplatz,Gänsbühl; Hübnersplätzlein; Hümersplätzlein,"Früher: ""Hübnersplätzlein"", auch ""Hümersplätzlein"" 1496 machte sich hier der Messingschlager Michael Hübner ansässig. Vor dieser Zeit hieß die Gegend ""Gänsbühl"".",,
Hutergasse,Huter-Gasse; Hutergasse,Ledergäßlein; Lederergäßlein,bis 1809/10: Leder(er)gäßlein,1809/10: Hutergasse,
Innere Cramer-Klett-Straße,"Innere Cramer Klett-Strasse; Innere Cramer-Klett-Straße; Innere Cramer-Klettstraße; Cramer-Klett-Strasse, innere; Innere Kramer-Klett-Straße",Beim Wöhrder Türlein; Wöhrder Straße; Wöhrder Torstraße,In rst. Zeit: 'Beim  Wöhrder Türlein',Seit 1809/ 10  Wöhrder Straße' (auch ' Wöhrder Torstraße'). 1872 wurde sie umbenannt in 'Innere C.-K.-Str.',
Innere Laufer Gasse,"Innere Laufergasse; Innere Laufer Gasse; inn. Laufergasse; Laufergasse, innere",,,,
Innerer Laufer Platz,"Innerer Lauferplatz; Innerer Laufer Platz; Inn. Lauferplatz; Lauferplatz, innerer",Laufer Platz,"Im 15. Jh. ""Laufer Platz"" genannt.",,
Irrerstraße,Irrer-Strasse; Irrergasse; Irrerstraße; Irrer-Straße; Irrerstrasse,Irhergasse; Irergasse,Die bereits im 14. Jh. belegte ' Irrergasse' (auch ' Irher-' bzw. ' Irergasse')," Die aus rst. Zeit stammende Straßenbezeichnung wurde 1809/ 10 amtlich anerkannt, später erfolgte die Umbenennung in I.",
Jakobsplatz,Jakobs-Platz; Jakobsplatz; Jacobsplatz,Bei St. Jakob; Hinter St. Jakob; Jakobskirchhof; Jakober Platz; Jakobsmarkt; Beim Deutschen Haus,bis 1809/10: bei/ hinter St. Jakob; Jakobskirchhof; Jakober Platz; Jakobsmarkt; beim Deutschen Haus,1809/10: Jakobsplatz,
Jakobsstraße,Jakobs-Strasse; Jakobsstraße; Jacobs-Straße; Jakobsstrasse,Auf dem Steig,bis 1809/10: Auf dem Steig,1809/10: Jakobsstraße,
Jakobstor,Jakobs-Tor; Jakobstor; Jacobstor; Jacobs-Tor,,,"1893: Durchbruch der Mauerbögen und Benennung der Öffnung als ""Jacobstor"" ",
Johannesgasse,Johannes-Gasse; Johannesgasse; Johannisgasse,In der Brüch; In der Pruch,bis 1579: In der Brüch (Pruch); ab 1579: Johannisgasse,1809/10: Johannesgasse,"1971: Das von der Stadt-
sparkassse überbaute 
Teilstück der Gasse 
""An der Sparkasse"""
Josephsplatz,Josephs-Platz; Josephsplatz,Kornmarkt,in rst. Zeit: Kornmarkt,1809/10: Josephsplatz,
Judengasse,Juden-Gasse; Judengasse,,,,
Kaiserstraße,"Kaiser-Str.; Kaiserstraße, Kaiser-Straße; Kaiserstrasse",Unter den Hutern,ab spätestens 1447: Unter den Hutern,1809/10: Kaiserstraße,
Kannengässchen,Kannen-Gässchen; Kannengäßchen,Stöberleinsgäßlein; Apothekengäßchen,bis 1901: Stöberleinsgäßlein; Apothekengäßchen,,"1901: Kannengäßchen nach
Kandel- bzw. Kannenapotheke"
Kapadocia,"Kapadocia; Im Kappadozia, Cappadocia; Capadocia (Sebalder Stadtseite)",,"Im Lauf des 17. Jh.:latinisierte Form ""Cappadocia"" ",,
Kappengasse,Kappen-Gasse; Kappengasse (Lorenzer Stadtseite),Kappenzipfel; Kapadocia,von rst. Zeit bis 1809/10: Kappenzipfel bzw. Kapadocia,1809/10: Kappengasse,
Karlsbrücke,Karls-Brücke; Karlsbrücke; Carlsbrücke,Säubrücke; Holzbrücke; Derrersbrücke; Bitterholzbrücke; Elisabethbrücke; Kaiserbrücke,"Untere nördl. Karlsbrücke (geb. 1486): früher: Säubrücke; Holzbrücke; Derrersbrücke; Bitterholzbrücke
Obere südl. Karlsbrücke (geb. 1728 nach Abriss eines Vorgängerbaus): seit 1728: Karlsbrücke; Elisabethbrücke; Kaiserbrücke (Karlsbrücke setzte sich durch)",,
Karlstraße,Karl-Strasse; Karlsstraße; Carls-Straße; Carlstraße; Karlstrasse; Karlstraße,Bei den Riesen; Zum Gemsental; Bei der roten Wanne; Beim Bitterholz,"  
Früher: ""Bei den Riesen"", auch ""Zum Gemsental"", ""Bei der roten Wanne"" und ""Beim Bitterholz""","""Karlstraße"" seit 1809/10",
Karolinenstraße,"Karolinen-Str.; Karolinenstraße, Karolinen-Straße; Karolinenstr.; Karolinenstrasse; Carolinenstraße",Am Fischbach,bis 1809/10: Am Fischbach,1809/10: Karolinenstraße,
Kartäusertor,Kartäuser-Tor; Kartäusertor; Karthäusertor; Karthaeusertor,,,"1882: Durchbruch des Mauerbogens und Benennung der Öffnung als ""Kartäusertor""",
Katharinengasse,Katharinen-Gasse; Katharinengasse; Catharinengasse,Hintere Katharinengasse,,1809/10: Hintere Katharinengasse; später: Katharinengasse,
Katharinenkloster,Katharinen-Kloster; Katharinenkloster; Catharinenkloster,,28. 10. 1297: Als Katharinenkloster geweiht,,
Katharinensteg,Katharinen-Steg; Katharinensteg; Catharinensteg,Schliefersteg,seit rst. Zeit: Schliefersteg; Katharinensteg,,1945: Zerstört
Kettensteg,Ketten-Steg; Kettenbrüke [sic!]; Kettensteg,,,1824: Kettensteg (als frei schwebende Brücke an Ketten gebaut),
Klaragasse,Klara-Gasse; Klaragasse; Claragasse,Bei dem Bösen Brunnen,früher: Klaragasse; früher (westl. Teil):  Bei dem Bösen Brunnen,1809/10: Klaragasse,
Kleine Insel Schütt,"Kleine Insel Schütt; Insel Schütt, kleine; Kleine Insel Schuett",Zwischen den Steegen; Zwischen den Stegen,früher: 'zwischen den Steegen',,
Knorrstraße,Knorr-Str.; Knorrstraße,,,,1909: Knorrstraße
Kohlengasse,Kohlen-Gasse; Kohlengasse,Bei der Kohlhütten; An der Kohlhütten; Auf der Kohlhütten,früher: bei/ an/ auf der Kohlhütten,,"1952: Dr.-Kurt-Schumacher-
Straße"
Königs- und Frauentorzwinger,Königs- und Frauentor-Zwinger; Königs- u. Frauenthorzwinger; Königsthor-& Frauenthor-Zwinger; Königs- und Frauenthor- zwinger; Koenigs- und Frauentorzwinger,,Frauentor: Mitte des 14. Jh.: Frauentor,Königstor: 1847/49: Königstor,
Königstormauer,Königstor-Mauer; Königstormauer; Königsthormauer; Königsthor-Mauer; Koenigstormauer,,,"2. Hälfte 19. Jh.: Bereich zwischen Mauer zwischen Marientor und Königstor sowie der 
innerhalb des Mauerrings gelegene Straßenzug zwischen Lorenzerstr. und Königsstr.: Königstormauer",
Königstraße,König-Strasse; Königsstraße; Königs-Straße; Königstrasse; Koenigsstraße,Bei St. Lorenz; Oberhalb St. Lorenz; Unterhalb St. Lorenz; Bei St. Klara; Bei St. Martha; Beim Plobenhof; Beim Glockenstuhl; Bei der großen Waage; Beim Frauentor; Am Holzmarkt,in rst. Zeit: Bezeichnung nach Gebäuden/Kirchen (keine einheitliche Bezeichnung): bei/ oberhalb/ unterhalb St. Lorenz; bei St. Klara; bei St. Martha; beim Plobenhof; beim Glockenstuhl; bei der großen Waage; beim Frauentor' etc.; Abschnitt zwischen Frauentor und Mauthalle: am Holzmarkt,1809/10: Königsstraße,
Köpfleinsberg,Köpfleinsberg; Koepfleinsberg,Köpfelsberg; Köpflersberg; Kopflasberg; Köpfenberg,in rst. Zeit: Köpfels-; Köpflers-; Kopflas-; Köpfenberg,,
Korbmachershof,Korbmachershof; Korbmachers-Hof; Korbmacherhof,,,,
Kornmarkt,Kornmarkt,Auf dem Steif; Am Zeughausgraben,in rst. Zeit: Auf dem Steif; Am Zeughausgraben,1809/10: Kornmarkt,
Krähengässchen,Krähengässchen; Krähengäßchen; Kraehengässchen,,,,
Krebsgasse,Krebs-Gasse; Krebsgasse; Krebsgäßlein,Krebswirtsgäßlein,früher: Krebswirtsgäßlein; Krebsgäßlein,,"1925: als nördliche Verlängerung 
ehem. Lichterziehergäßlein miteinbezogen"
Kühhof,Kühhof; Küh-Hof; Kuehhof,,,,
Kühnertsgasse,Kühnerts-Gasse; Kühnertsgasse; Kühnertsgäßchen; Kühnertsgässchen; Kuehnertsgasse,Kienersgäßlein,,vor 1809/10 'Kienersgäßlein'; danach amtlich 'Kühnertsgäßchen',
Kupferschmiedshof,Kupferschmiedshof; Kupferschmieds-Hof; Kupferschmidtshof,,Bezeichnung seit 16. Jh. belegt.,,
Kürschnershof,Kürschnershof; Kürschners-Hof; Kürschners Hof; Kuerschnershof,,,,
Lammsgasse,Lamms-Gasse; Lammsgasse,Hintere Füll,"früher: ""Hintere Füll""",1809/ 10 umbenannt in Lammsgasse,
Lange Gasse,Lange Gasse; Langegasse,Auf dem Schwabenberg; Kappenzipfel,"früher: ""Lange Gasse"", ""auf dem Schwabenberg"", hinterer Teil der Gasse: ""Kappenzipfel""","1809/10 amtliche Anerkennung des Namens ""Lange Gasse""",
Lanzingerhof,Lanzingerhof; Lanzinger-Hof; Lanzinger Hof; Lantzingerhof,,,,
Laufer Tor ,Laufertor; Laufer Tor,,,,
Laufer Tormauer,Laufertor-Mauer; Laufer Tormauer; Lauferthormauer; Lauferthor-Mauer; Lauferthor Mauer,,,,
Laufer Torzwinger,Lauferthor-Zwinger; Lauferthorzwinger; Laufer Torzwinger,,,,
Leonhardsgässchen,Leonhards Gässchen; Leonhardsgäßchen; Leonhardsgasse; Leonhardsgäßlein,Zotenberg,früher Teil des Zotenbergs ,1870 benannt,
Lichterziehershof,Lichterziehershof; Lichterziehers-Hof,,,,
Listenhof,Listenhof; Listen-Hof,Kutschershof,"seit Mitte des 17. Jh. als ""Kutschershof"" belegt",zwischen 1810 und 1829 in Listenhof umbenannt,
Lorenzerplatz,Lorenzer Platz; Lorenzerplatz; Lorenzer-Platz; Lorentzerplatz,Lorenzer Kirchhof; Bei St. Lorenz; Hinter St. Lorenz,,"vor 1809/10 'Lorenzer Kirchhof', 'bei St. Lorenz' oder 'hinter St. Lorenz'; danach 'Lorenzer Platz'",
Lorenzerstraße,Lorenzer Strasse; Lorenzerstraße; Lorenzer-Straße; Lorenzer Straße; Lorenzerstr.; Lorenzerstrasse; Lorenzergasse; Lorenzer Gasse; Lorentzerstraße,Lorenzer Platz,,vor 1809/10 'Lorenzer Platz'; danach 'Lorenzergasse'; seit etwa 1870 'Lorenzer Straße',
Ludwigstor,Ludwigs-Tor; Ludwigstor,,,"Tor erst 1866 errichtet, Name auch nach Abriss 1893 behalten",
Ludwigstraße,Ludwig-Strasse; Ludwigstraße; Ludwigsstraße; Ludwigs-Straße; Ludwigstr.; Ludwigstrasse,Schmidtgasse am Spittlertor; Schmiedgasse am Spittlertor,,vor 1809/10 'Schmidtgasse / Schmiedgasse am Spittlertor'; danach 'Ludwigstraße',
Luitpoldstraße,Luitpold-Strasse; Luitpoldstraße,,,"Straße erst kurz vor 1900 angelegt, ab 1897 'Luitpoldstraße'",
Maiengasse,"Maien-Gasse; Maiengasse, Maieng.; Maiengäßchen; Mayengasse",In der Arskerben; Mayengäßlein,1494 und 1508 als 'in der Arskerben' belegt; seit 1525 'Mayengäßlein',ab 1809/10 amtlich 'Maiengäßchen',
Manggasse,Mang-Gasse; Manggasse,Manghof; Manghöflein; In der Hitz,"früher: ""Manghof"" bzw. ""Manghöflein"", im 18. Jh. belegt, ebenso ""In der Hitz"" ","1809/10: Umbenennung in ""Manggasse""",
Marientor,Marientor,,,"Tor erst 1859 errichtet, Name auch nach Abriss 1891 behalten",
Marientormauer,Marientor-Mauer; Marientormauer; Marienthormauer; Marienthor-Mauer,,,,
Marientorzwinger,Marientor-Zwinger; Marientorzwinger; Marienthorzwinger; Marienthor-Zwinger,,,,
Marstallbrücke,Marstall-Brücke; Marstallbrücke,,,,
Maxbrücke,Max-Brücke; Maxbrüke [sic!]; Maxbrücke,Steinerne-Brücke; Steinerne Brücke,"früher: ""Steinerne-Brücke""","1810: ""Maxbrücke""",
Maximiliansplatz,Maximilians-Platz; Maxplaz [sic!]; Maximiliansplatz; Maximilianspl.; Maxpl.; Maxmspl.,Auf dem Neuen Bau,"Seit dem ausgehenden 15. Jh.:Gegend um den heutigen M. ebenso wie das Kreuzgassenviertel: ""auf dem Neuen Bau"" bezeichnet. ","1809/10: ""Maximiliansplatz""","1920: ""Maxplatz"" für den Amtsverkehr genehmigt."
Maxtor,Maxtor,,,seit 1856,
Maxtormauer,Maxtor-Mauer; Maxtormauer; Maxthormauer; Maxthor-Mauer,,,seit 1856,
Mittlere Kreuzgasse,"Mittlere Kreuz-Gasse; Mittlere Kreuzgasse; Mittl. Kreuzgasse; Kreuzgasse, mittlere; Mittlere Kreutzgasse",,ab dem ausgehenden 16. Jh. 'Mittlere Kreuzgasse' belegt,1809/10 amtlich benannt in 'Mittlere Kreuzgasse',
Mohrengasse,Mohren-Gasse; Mohrengasse; Mohrengäßchen; Morengasse; Moorengasse,,,1809/10 amtlich 'Mohrengäßchen',
Mostgasse,Most-Gasse; Mostgasse,Auf dem Most; Auf dem Moos,in rst. Zeit 'Auf dem Most' oder 'Auf dem Moos',ab 1809/10 Mostgasse,
Mühlgasse,Mühl-Gasse; Mühlgasse; Muehlgasse,Klettengraben; Klettenberg; Grasberglein; Bei der Almosenmühle; Hinter dem Waizenbräuhaus,"Klettengraben', 'Klettenberg' oder 'Grasberglein'; später 'Bei der Almosenmühle' od. 'Hinter dem Waizenbräuhaus'",ab 1809/10 Mühlgasse (nicht zu verwechseln mit dem bis 1801 bestehenden Mühlgäßlein auf der Sebalder Stadtseite),
Münzgasse,Münz-Gasse; Münzgasse; Muenzgasse; Müntzgasse,,,1809/10 benannt,
Münzhof,Münzhof; Muenzhof; Müntzhof,,,,
Münzplatz,Münz-Platz; Münzplatz; Muenzplatz; Müntzplatz,Am Judenkirchhof; Hinter dem Blauen Stern,Bis ins 19. Jh.  'Am Judenkirchhof'. Im 17./ 18. Jh. hieß dieser auch 'Hinter dem Blauen Stern'.,1870 benannt,
Museumsbrücke,Museums-Brücke; Museumsbrücke,Barfüßerbrücke; Josephsbrücke; Königsbrücke; Obere Brücke; Plobenhofbrücke,"bis weit ins 19. Jh. ""Barfüßerbrücke"" genannt, auch:  ""Josephsbrücke"", ""Königsbrücke"", ""Obere Brücke"" oder ""Plobenhofbrücke"".",,
Nadlersgasse,Nadlers-Gasse; Nadlersgasse,Flederwischgäßlein; Im Nadlersgraben; Am Nadlersgraben,vor 1809/10 'Flederwischgäßlein' oder 'im/am Nadlersgraben',ab 1809/10 Nadlersgasse,
Nadlersgraben,Nadlersgraben,,,,
Neue Gasse,Neue-Gasse; Neue Gasse; Neuegasse,,,1809/10 Name amtlich anerkannt.,
Neutor,Neutor; Neuentor,,,,
Neutormauer,Neutor-Mauer; Neutormauer; Neuthormauer; Neuenthor-Mauer,,,,
Neutorstraße,Neutor-Str.; Neuthorstraße; Neutorstraße; Neuthor-Straße; Neuthorstrasse; Neuentorstraße,Beim neuen Tor,"in rst. Zeit: ""beim neuen Tor""",1809/10 amtlich benannt.,
Neutorzwinger,Neuenthor-Zwinger; Neuthorzwinger; Neutorzwinger,,,,
Nonnengasse,Nonnen-Gasse; Nonnengasse,Nunnengasse; Stadtknechtsgäßlein,1378 als 'Nunnengasse' belegt; unterer (nördlicher) Teil bis ins 19. Jh. 'Stadtknechtsgäßlein',,
Obere Grasersgasse,"Obere Grasers-Gasse; Obere Grasersgasse; Obere Graßersgasse; Graßersgasse, obere",Hintere Grasersgasse,auch 'Hintere Grasersgasse',auch 'Hintere Grasersgasse',
Obere Krämersgasse,"Obere Krämers-Gasse; Krämersgasse; Krämersgäßchen; Obere Krämersgasse; Krämergasse, obere; Obere Kraemersgasse",,"rst. Bezeichnung: ""Krämersgäßchen"" ",Name 1809/ 10 für beide Gassen (Obere und Unter K.) amtlich anerkannt. Die Unterscheidung zwischen Oberer und Unterer K. ist ab 1870 belegt.,
Obere Kreuzgasse,"Obere Kreuz-Gasse; Obere Kreuzgasse; Kreuzgasse, obere; Obere Kreutzgasse",,ab dem ausgehenden 16. Jh. 'Obere Kreuzgasse' belegt,1809/10 amtlich benannt in 'Obere Kreuzgasse',
Obere Schmiedgasse,"Obere Schmied-Gasse; Schmidtgasse; Obere Schmiedgasse; ob. Schmiedgasse; Schmiedgasse, obere",,,,
Obere Söldnersgasse,"Obere Söldnersgasse; Söldnersgasse, obere; Obere Soeldnersgasse; Obere Söldnergasse",Seldnersgasse; Solnergasse; Söllnersgasse,"früher: Die ersten Belege ""Seldnersgasse"", ""Solnergasse"", ""Söllnersgasse"" und ""Söldnersgasse""",,
Obere Talgasse,"Obere Tal-Gasse; Obere Talgasse; Obere Thalgasse; Thalgasse, obere",Taschental; Oberes Taschental; Unteres Taschental,"Im 14. Jh. kam die Bezeichnung 'Taschental', später unterschieden nach Oberem und Unterem Taschental. Zuvor (vor 1809/10) war die Obere T. auch nach einer Schmelzhütte am Herrenschießgraben benannt.",1809/10: amtliche Bezeichnung eingeführt.,
Obere Wörthstraße,"Obere Wörth-Strasse; Obere Wörthstraße; Obere Wöhrdstraße; Wörthstrasse, obere; Oberwöhrdstraße; Obere Woehrdstraße; Obere Woerthstraße",Oberer Wehr; Oberer Wöhrd,in rst. Zeit 'oberer Wehr / Wöhrd',1809/10 amtlich benannt in 'Oberwöhrdstraße'; ab 1870 'Obere Wörthstraße' belegt,
Oberer Bergauerplatz,"Oberer Bergauer-Platz; Oberer Bergauerplatz; Oberer Bergauerpl.; Bergauerplatz, oberer",Beim Bergauer; Hinter dem Bergauer,seit dem ausgehenden 16. Jh. 'beim Bergauer' oder 'hinter dem Bergauer',ab 1809/10 'Oberer Bergauerplatz',
Oberer Judenhof,"Oberer Judenhof; Judenhof, oberer",,,,
Obstgasse,Obst-Gasse; Obstgasse,Bei den grünen Kindern,"rst. Bezeichnung: ""Bei den grünen Kindern""","1809/ 10 in ""Obstgasse"" umbenannt.",
Obstmarkt,"Obst-Markt; Obstmarktplaz [sic!]; Obstmarkt; Am Obstmarkt, Obstmarkt-Platz",,,,
Ottostraße,Otto-Strasse; Ottostraße; Ottostrasse,Lodergasse; Lottergasse,,vor 1865 'Lodergasse' oder 'Lottergasse'; danach 'Ottostraße',
Paniersplatz,Paniers-Platz; Am Panierplaz [sic!]; Panierplaz [sic!]; Paniersplatz; Panierspl.,Panerberg; Panersberg; Pannerberg; Pannersberg; Bonersberg; Paniersberg; Panierstraße; Paniergasse,"Seit dem 14. Jh. sind verschiedene Varianten - ' Pan( n) er( s) berg', ' Bonersberg', ' Paniersberg' - für die Gegend unterhalb der Vestnertormauer belegt.","1809/ 10 erfolgte die amtliche Benennung in 'Panierstraße', neben der auch die Bezeichnung ' Paniergasse' gebräuchlich war; 1829 ist erstmals die heutige Bezeichnung belegt.",
Peter-Vischer-Straße,Peter Vischer-Strasse; Peter-Vischer-Strasse; Peter Vischerstr.; Peter Vischer Straße; Peter Vischerstrasse,Vordere Katharinengasse,in rst. Zeit 'Vordere Katharinengasse',1830 umbenannt in 'Peter-Vischer-Straße',
Peuntgasse,Peunt-Gasse; Peuntgasse,,,1809/10 'Peuntgasse' amtlich anerkannt,
Pfannenschmiedsgasse,Pfannenschmieds-Gasse; Pfannenschmiedsgasse; Pfannenschmiedg.; Pfannenschmiedgasse; Pfannenschmidtsgasse,,,1809/10 'Pfannenschmiedsgasse' amtlich anerkannt,
Pfarrgasse,Pfarr-Gasse; Pfarrgasse,Pfaffengäßlein; Pfarrgäßlein; Pfarrersgäßlein,"Pfaffengäßlein', später 'Pfarr(ers)gäßlein'",1809/10 'Pfarrgasse' amtlich anerkannt,
Pfeifergasse,Pfeiffer-Gasse; Pfeifergasse; Pfeiffergasse; Pfeifersgäßchen,,,1809/10 'Pfeifersgäßchen' amtlich anerkannt,
Pirkheimershof,"Pirckheimershof; Pirkheimershof, Pirkheimers-Hof",,,,
Platnersgasse,"Platners-Gasse; Platnersgasse, Plattnersgasse",Zottenberg; Zotenberg,In rst. Zeit Teil des ' Zot( t) enbergs'.,1809/10  'Platnersgasse' amtlich; nicht zu verwechseln mit der aus rst. Zeit belegten 'Plattnersgasse' beim Rosenbad südlich der Schildgasse,
Platnershof,Platners-Hof; Plattnershöflein; Platnershof; Plattners-Hof,,,,
Plobenhofstraße,Plobenhof-Str.; Plobenhofstraße; Plobenhof-Straße; Plobenhofstrasse,,,,
Postgässchen,Post-Gässchen; Postgäßchen,,,,
Prechtelsgasse,Prechtels-Gasse; Prechtelsgasse; Prechtelsgäßchen,,,,
Radbrunnengasse,Radbrunnen-Gasse; Radbrunnengasse; Radbrunneng.,Hintere Zistelgasse,"14.Jh.: ""Hintere Zistelgasse""",,
Rathausgasse,Rathaus-G.; Rathausgasse; Rathhausgasse; Rathausgäßlein,Gegenüber St. Sebald; Beim Rathaus; Hinter dem Rathaus,"rst. Bezeichnung: 'Rathausgäßlein', auch: 'Gegenüber St. Sebald' bzw. 'Beim Rathaus' und 'Hinter dem Rathaus'.  ",1809/10 umbenannt in Rathausgasse,1977 Bezeichnungen auufgehoben und in Rathausplatz integriert
Rathausplatz,Rathaus-Platz; Rathhausplaz [sic!]; Rathausplatz; Rathhausplatz; Plattenmarkt; Plattnersmarkt,Herrenmarkt; Am Fischmarkt,"Das südliche Teilstück des heutigen R. hieß als Teil des Hauptmarkts bis ins 19. Jh. 'Herrenmarkt' oder auch am 'Am Fischmarkt', während der R. früher auch den nördlich der  Sebalduskirche gelegenen Platz sowie den nordöstlich dahinter  'Plattnersmarkt' oder ' Plattenmarkt' umfaßte.",1809/10 umbenannt,
Rittersgässlein,Ritters-Gässlein; Rittersgäßlein,,,,
Rittershof,Rittershof; Ritters-Hof,,,,
Rosengasse,Rosen-Gasse; Rosengasse,Rosenau,,vor 1809/10 'Rosenau'; danach 'Rosengasse',
Rosental,Rosental; Rosenthal; Rosen-Thal,Elende Gasse,Bereits im 15. Jh. belegte Bezeichnung: 'Elende Gasse',1809/ 10 in Rosental umbenannt ,
Rotschmiedsgasse,"Rotschmieds-Gasse; Rotschmiedsgasse, Rothschmiedgasse; Rothschmiedsgasse; Rotschmidtsgasse; Rothschmidtsgasse",,Die Benennung stammt aus rst. Zeit ,,
Rotschmiedssteg,Rotschmieds-Steg; Rotschmiedssteg; Rothschmiedssteg; Rotschmidtssteg; Rothschmidtssteg,,,,
Rümleinshof,Rümleinshof; Rümleins-Hof; Ruemleinshof,,,,
Sandbrücke,Sand-Brücke; Sandbrücke,,,,
Schickenhof,Schickenhof; Schicken-Hof,,,,
Schildgasse,Schild-Gasse; Schildgasse,Drahtschmiedsgasse; Am Rosenbad; Beim Rosenbad; Am Goldenen Schild; Beim Goldenen Schild,Die 1295 als ' vicus textorum' (Webergasse) belegte Gasse hieß vom 14. bis 16. Jh.  'Drahtschmiedsgasse'. Später wurde sie nach dem Rosenbad (Badestuben) und nach dem Haus zum Goldenen Schild bezeichnet.,1809/10 in Schildgasse umbenannt.,
Schlehengasse,Schlehen-Gasse; Schlehengasse,,Bezeichnung geht in rst. Zeit zurück,,
Schleifersteg,Schleifersteg,,"zu rst. Zeit 2 Stege als 'Schleifersteg' bezeichnet: einer, der nicht mehr existiert und sich auf Höhe der heutigen Cinecittá-Brücke befand und einer, dessen Lage etwa der des heutigen Schleiferstegs am Trödelmarkt entspricht",,
Schlotfegergasse,Schlotfeger-Gasse; Schlotfegergasse,,,,
Schlüsselstraße,Schlüssel-Str.; Schlüsselstraße; Schlüsselstr.; Schlüsselstrasse; Schluesselstraße,Beim Weiherhaus,in rst. Zeit 'Beim Weiherhaus',1870 umbenannt in 'Schlüsselstraße',
Schmalzgässchen,Schmalz-Gässchen; Schmalzgäßchen; Bachschmalzgäßchen; Schmaltzgässchen,,,,1901 wurde die gebräuchliche Bezeichnung 'Bachschmalzgäßchen' in Schmalzgasse umgewandelt.
Schmausengasse,Schmausen-Gasse; Schmausengasse,Am Schmausenhof,früher: 'Am Schmausenhof',1809/ 10 amtlich eingeführter Straßenname,
Schottengasse,Schotten-Gasse; Schottengasse; Schottengäßlein,,seit dem 15. Jh. Bezeichnung 'Schottengäßlein' belegt,,
Schulgässchen,"Schul-Gässchen; Schulgäßchen; Schulgasse, Schulgäßlein",,,1809/10 amtlich benannt.,
Schustergasse,Schuster-Gasse; Schustergasse,,Aus rst. Zeit stammende Straßenbezeichnung,,
Schwarzadlergasse,Schwarzadler-Gasse; Schwarzadlergasse; Schwarzadlerstr.; Schwarz Adlergasse; Schwartzadlergasse,,,,
Siebenzeilen,Sieben Zeilen; Siebenzeilen; sieben Zeilen,Zwischen den Zeilen; Bei den sieben Zeilen; Schwabenberg,"1524 Erweiterung von fünf auf sieben Häuserreihen, seit dem: ""Zwischen den Zeilen"", ""Bei den sieben Zeilen"", ""Schwabenberg"", ",,
Sonnengasse,Sonnen-Gasse; Sonnengasse,,,,
Spitalbrücke,Spital-Brücke,,,,
Spitalplatz,Spital-Platz; Spitalplatz; Spitalplaz [sic!],Spitalkirchhof,In rst. Zeit: 'Spitalkirchhof',"1809/10 amtlich ""Spitalplatz""","1933 Umbenennung: ""Hans-Sachs-Platz"""
Spittlertor,Spittler-Tor,,"Tor seit 1377 nachgewiesen, benannt nach dem bereits im 13. Jh. existierenden Elisabethspital",,
Spittlertormauer,Spittlertormauer; Spittlerthormauer; Spittlerthor-Mauer,,,,
Spittlertorzwinger,Spittlertor-Zwinger; Spittlertorzwinger; Spittlerthorzwinger; Spittlerthor-Zwinger,,,,
Spitzenberg,Spitzenberg,,,1809/10 amtlich anerkannt.,
Stangengässchen,Stangen-Gässchen; Stangengäßchen,,,1877 'Stangengäßchen' amtlich anerkannt,
Stelzengasse,Stelzen-Gasse; Stelzengasse; Steltzengasse,Am Stelzenbach,"rst. Ortsbezeichnung: ""am Stelzenbach""",1809/10 benannt.,
Stöpselgasse,Stöpselgasse; Stöpselgäßchen; Stöpfelgasse; Stöpfelgäßlein; Stoepselgasse,Stefelgasse; Stepfelgasse,"rst. Zeit: ""Ste(p)felgasse"", Stöpfelgäßlein""","1809/10 ""Stöpfelgasse""; 2. Hälfte des 19. Jh. Heutige Bezeichnung eingebürgert.",
Täubleinshof,Täubleinshof; Täubleins-Hof; Taeubleinshof,,,,
Tetzelgasse,Tetzel-Gasse; Tezelgasse; Hinter dem Tezel; Tetzelgasse; Tetzelg.; Hinter dem Tetzel,,"""Hinter dem Tetzel""",1809/10 amtlich benannt.,
Theatergasse,Theater-Gasse; Theatergasse; Teatergasse,Am Lorenzer Graben,,vor 1809/10 'Am Lorenzer Graben'; danach 'Theatergasse',
Theresienplatz,Theresien-Platz; Theresienplaz [sic!]; Theresienplatz; Heumarkt; Teresienplatz,,rst Zeit: Heumarkt,"1809/10 amtlich benannt in Heumarkt;  1833 umbenannt in ""Theresienplatz""",
Theresienstraße,"Theresien-Strasse; Theresienstr.; Theresienstraße, Theresien-Straße; Theresienstrasse; Egidiengasse; Egydiengasse; Aegidiengasse; Aegydiengasse; Ägidiengasse; Ägydiengasse; Gilgengasse; Dielinggasse; Dillinggasse; Teresienstraße",,"vor 1833: 'Egidien-' (auch 'Aegidien-), 'Gilgen-' oder 'Dieling-' bzw. 'Dillinggasse'",1833: Theresienstraße,
Tiergärtnertor,Tiergärtnertor; Tiergaertnertor,,,,
Treibberg,Treibberg; Treiberg,Treyberg,"14. Jh.: ""Treyberg""",1809/10: amtliche Bezeichnung eingeführt.,
Trödelmarkt,Trödel-Markt; Trödelmarkt; Troedelmarkt,Säumarkt; Tendelmarkt; Trändelmarkt,"früher (15.Jh.) Säumarkt, auch Tendelmarkt bzw. Trändelmarkt ",1809/10 amtlich umbenannt in Trödelmarkt,
Tucherstraße,"Tucher-Strasse; Tucherstraße, Tucher-Straße; Tucherstr.; Tucherstrasse",Alte Ledergasse; Laedergazze,"In rst. Zeit: ""Alte Ledergasse""; 1291 als ' laedergazze'",1809/10 umbenannt,
Tuchgasse,Tuch-Gasse; Tuchgäßchen; Tuchgasse; Tuchgäßlein,,,1811 Tuchgäßlein,
Tuchmacherszwinger,Tuchmacherszwinger; Tuchmacher-Zwinger,,,,
Unschlittplatz,Unschlitt-Platz; Unschlittplatz,Beim Hieserlein; Beim Goldenen Tischlein; Beim Unschlitthaus; Neuer Bau,"in rst. Zeit 'Beim Hieserlein' od. 'Beim Goldenen Tischlein', dann 'Beim Unschlitthaus'; seit dem ausgehenden 15. Jh. zus. m. Gebieten nördl. u. südl. d. Maxplatzes 'Neuer Bau'",ab 1809/10: Unschlittmarkt; ab 1870: Unschlittplatz,
Untere Grasersgasse,"Untere Grasers-Gasse; Untere Grasersgasse; Untere Graßersgasse; Graßersgasse, untere",Vordere Grasersgasse,auch 'Vordere Grasersgasse',auch 'Vordere Grasersgasse',
Untere Krämersgasse,"Untere Krämers Gasse; Krämersgasse; Krämersgäßchen; Untere Krämersgasse; Unt. Krämersg.; Krämergasse, untere; Untere Kraemersgasse",,"rst. Bezeichnung: ""Krämersgäßchen"" ",Name 1809/ 10 für beide Gassen (Obere und Unter K.) amtlich anerkannt. Die Unterscheidung zwischen Oberer und Unterer K. ist ab 1870 belegt.,
Untere Kreuzgasse,"Untere Kreuz-Gasse; Untere Kreuzgasse; Kreuzgasse, untere; Untere Kreutzgasse",,ab dem ausgehenden 16. Jh. 'Untere Kreuzgasse' belegt,1809/10 amtlich benannt in 'Untere Kreuzgasse',
Untere Schmiedgasse,"Untere Schmied Gasse; Schmidtgasse; Untere Schmiedgasse; Unt. Schmiedgasse; Schmiedgasse, untere",,,,
Untere Söldnersgasse,"Untere Söldnersgasse; Unt. Söldnergasse; Söldnersgasse, untere; Untere Soeldnersgasse",Seldnersgasse; Solnergasse; Söllnersgasse; Söldnersgasse,"früher: erste Belege ""Seldnersgasse"", ""Solnergasse"", ""Söllnersgasse"" und ""Söldnersgasse""",,
Untere Talgasse,"Untere Tal-Gasse; Untere Talgasse; Untere Thalgasse; Thalgasse, untere",Taschental; Oberes Taschental; Unteres Taschental,"Im 14. Jh. kam die Bezeichnung ' Taschental', später unterschieden nach Oberem und Unterem Taschental, auf.",1809/10: amtliche Bezeichnung eingeführt.,
Untere Wörthstraße,"Untere Wörth-Strasse; Untere Wörthstraße; Untere Wöhrdstraße; Wörthstrasse, untere; Unterwöhrdstraße; Untere Woehrdstraße; Untere Woerthstraße",Unterer Wehr; Unterer Wöhrd,in rst. Zeit 'unterer Wehr / Wöhrd',"1809/10 amtlich benannt in 'Unterwöhrdstraße', ab 1870 'Untere Wörthstraße' belegt",
Unterer Bergauerplatz,"Unterer Bergauer-Platz; Unterer Bergauerplatz; Unt. Bergauerpl.; Bergauerplatz, unterer",Beim Bergauer; Hinter dem Bergauer,seit dem ausgehenden 16. Jh. 'beim Bergauer' oder 'hinter dem Bergauer',ab 1809/10 'Unterer Bergauerplatz',
Unterer Judenhof,"Unterer Judenhof; Judenhof, unterer",,,,
Vestnertor,Vestnertor ,,,,
Vestnertormauer,Vestnertormauer; Vestnerthormauer; Vestnerthor-Mauer,,,,
Vordere Beckschlagergasse,"Vordere Beckschlager-Gasse; Vordere Beckschlagergasse; vord. Beckschlagergasse; Beckschlagergasse, vordere",Unruhegasse,"Seit 1485 belegt, auch als ""Unruhegasse"" bezeichnet.","Seit 1809/ 10 amtlich anerkannte (und bis 1945 auch der Realität entsprechende) Unterscheidung in ""Vordere B."" und ""Hintere B.""","1961 Umbenennung in ""Beckschlagergasse"". (beide Gassen zusammengelegt)"
Vordere Fischergasse,"Vordere Fischer-Gasse; Vordere Fischergasse; Vord. Fischergasse; Fischergasse, vordere",,,,
Vordere Insel Schütt,"Vordere Insel Schütt; Vord. Insel Schütt; Vordere Insel-Schütt; vord. Insel Schütt; Insel Schütt, vordere; Vordere Insel Schuett",Schüdt; Auf der Schütt,"INSEL SCHÜTT:  1376 als ""insula"" und 1596 erstmals als ""Schüdt"" belegt. Letztere Bezeichnung, für die sich bald ""auf der Schütt"" einbürgerte.",,1809/ 10 amtlich anerkannt.
Vordere Kartäusergasse,"Vordere Kartäuser-Gasse; Vordere Kartäusergasse; Vord. Kartäuserg.; Vordere Karthäusergasse; Karthäusergasse, vordere; Vordere Karthaeusergasse",,,1809 bis 1952 'Vordere Kartäusergasse',
Vordere Landauergasse,"Vordere Landauer-Gasse; Vordere Landauergasse; Landauergasse, vordere; Vordere Landauer Gasse",Beim Lauferschlagturm hinauf,vor 1809 ' Beim Lauferschlagturm hinauf',,"1961 Bezeichnung 'Vordere Landauergasse' aufgehoben, teils überbaut, der Rest wurde dem Platz 'Am Lauferschlagturm' zugeordnet"
Vordere Ledergasse,"Vordere Leder-Gasse; Vordere Ledergasse; Vord. Ledergasse; Ledergasse, vordere",,nicht zu verwechseln mit dem 'Leder(er)gäßlein' oder der 'Alten Ledergasse',1809/10 amtlich benannt in 'Vordere Ledergasse',
Vordere Nägeleinsgasse,"Vordere Nageleins-Gasse; Nägleinsgasse; Vordere Nägeleinsgasse; Nägeleinsgasse, vordere; Vordere Naegeleinsgasse",,,,"Name: ""Vordere Nägeleinsgasse"" 1969 aufgehoben."
Vordere Sterngasse,"Vordere Stern-Gasse; Vordere Sterngasse; Vord. Sterngasse; Sterngasse, vordere; Sterngasse",Im blauen Stern,bis 1809/10 'im blauen Stern',1809/10 amtlich in 'Sterngasse' umbenannt; ab 1870 'Vordere Sterngasse',
Vorderer Spitalhof,"Vorderer Spitalhof; Spitalhof, vorderer",,,,
Waaggasse,Waag-Gasse; Waggasse; Waaggasse,,Name seit rst. Zeit.,,
Waizenstraße,Waizen-Str.; Waizenstraße; Weizenstraße; Waizenstrasse; Waitzenstraße; Weitzenstraße,,,,
Wäschershof,Wäschershof; Wäschershof; Wäschers-Hof; Waeschershof,,,,
Webersplatz,Webers-Platz; Webersplatz,Am Schwabenberg,bis 1809/10 auch 'Am Schwabenberg',1809/10 amtlich 'Webersplatz',
Weikertsgässchen,Weikerts-Gässchen; Weikertsgäßchen; Weikertsgasse; Todtengasse; Todengäßlein; Totengäßlein,,,bis 1876 'Toden-' oder 'Totengäßlein'; danach 'Weikertsgäßchen',
Weinmarkt,Wein-Markt; Weinmarkt,,dieser Name seit 1611 (trotz Verlegung),,
Weintraubengasse,Weintrauben-Gasse; Weintraubengasse,Bei den ehem. drei Königen; Beim Weinträublein; Beim Ochsenfelder; Beim Zachariasbad; Am Zachariasbad,"In rst. Zeit wurde die Weintraubengasse nach einem Wirtshaus ('Bei den ehem. drei Königen', 'Beim Weinträublein') bzw. dessen Gastwirt (' Beim Ochsenfelder') bezeichnet; auch das Zachariasbad diente als Ortsangabe.",1809/10: amtliche Benennung,
Weißgerbergasse,Weissgerber-Gasse; Weißgerbergasse; Weiszgerbergasse,,,,
Wespennest,Wespennest; Wespen-Nest,,spätestens seit dem 18. Jh. Als 'Wespennest' bezeichnet,1876 'Wespennest' amtlich anerkannt,
Westtor,West-Tor; Westtor; Mohrentor,,,1863 als 'Mohrentor' errichtet und 1870 in 'Westtor' umbenannt,
Westtormauer,Westtor-Mauer; Westtormauer; Westthormauer; Westthor-Mauer,,,ab 1863: Westtormauer,
Westtorzwinger,Westthor-Zwinger; Westthorzwinger; Westtorzwinger,,,,
Winklerstraße,Winkler-Strasse; Winklerstraße; Winkler-Straße; Winklerstrasse; Wincklerstraße,An der Goldenen Gans; Bei der Goldenen Gans; Unterhalb St. Sebald; Bei der kleinen Waage,"In rst. Zeit ohne einheitliche Benennung,  der südliche Teil wurde nach dem Gasthaus zur Goldenen Gans und der nördliche nach der Sebalduskirche ('unterhalb St. Sebald'); auch: 'bei der kleinen Waage'",1809/10 Umbenennung,
Wöhrdertorstraße,Wöhrderthor-Straße; Wöhrderthorstraße; Woehrdertorstraße,,,,
Wolfsgasse,Wolfsgasse,,,,
Wollengässchen,"Wollen-Gässchen; Wollengäßchen, Wollengasse",,,,
Wunderburggasse,Wunderburg-Gasse; Wunderburggasse,,,,
Wurzelgasse,Wurzelgasse; Wurtzelgasse,Im Würzelein,,"vor 1811 'Im Würzelein', danach 'Wurzelgasse'",
Zirkelschmiedsgasse,Zirkelschmieds-Gasse; Zirkelschmiedsgasse; Zirkelschmiedsg.; Zirkelschmidtsgasse,Hohes Pflaster,in rst. Zeit 'Hohes Pflaster',1809/10 in 'Zirkelschmiedgasse' umbenannt,
Zwerggasse,Zwerg-Gasse; Zwerggasse,,,,
Zwischen den Fleischbänken,"Zwischen den Fleischbänken; Zwischen den Fleischb.; Fleischbänken, zwischen den; Zwischen den Fleischbaenken",,Aus rst. Zeit stammende Straßenbezeichnung,,
Äuss. Laufer Gasse ,,,,,
Adam-Klein-Straße ,,,,,
Adolf-Braun-Straße ,,,,,
Agnesgasse ,,,,,
Albertstraße ,,,,,
Albrecht-Dürer-Platz ,,,,,
Albrecht-Dürer-Straße ,,,,,
Alexanderstraße ,,,,,
Allersberger Straße,,,,,
Galgenhof ,,,,,
Am Gräslein,,,,,
Am Hallertor ,,,,,
Am Katharinenkloster ,,,,,
Am Knappsteig ,,,,,
Am Kressenstein ,,,,,
Am Laufer ,,,,,
Am Ölberg ,,,,,
Am Plärrer ,,,,,
Am Sand ,,,,,
Amselstraße ,,,,,
An der Fleischbrücke ,,,,,
An der Karlsbrücke ,,,,,
An der Sparkasse ,,,,,
Andreij-Sacharow-Platz ,,,,,
Angerstraße ,,,,,
Aufseßplatz ,,,,,
Augsburger Straße ,,,,,
Augustinerstraße ,,,,,
Äuss. Laufer Platz ,,,,,
Austraße ,,,,,
Bärenschanzstraße ,,,,,
Bauhof ,,,,,
Beckschlagergasse ,,,,,
Beckstraße ,,,,,
Beim Tiergärtnertor ,,,,,
Beim Rochuskirchhof ,,,,,
Bergstraße ,,,,,
Bertha-von-Suttner-Straße,,,,,
Betzengäßchen ,,,,,
Bindergasse ,,,,,
Birkenstraße ,,,,,
Bleichstraße ,,,,,
Blücherstraße,,,,,
Blumenthalstraße ,,,,,
Bogenstraße ,,,,,
Borsigstraße ,,,,,
Breitscheidstraße ,,,,,
Brucknerstraße ,,,,,
Brunnengäßchen ,,,,,
Bulmannstraße ,,,,,
Burg ,,,,,
Burgerstraße ,,,,,
Burgstraße ,,,,,
Celtisplatz ,,,,,
Celtisstraße ,,,,,
Comeniusstraße ,,,,,
Dallingerstraße ,,,,,
Denisstraße ,,,,,
Deutschherrnstraße ,,,,,
Dilherrstraße ,,,,,
Doktorshof ,,,,,
Don-Bosco-Straße ,,,,,
Dooser Straße ,,,,,
Dörflerstraße ,,,,,
Dorotheenstraße,,,,,
Dörrersgasse ,,,,,
Dr.-Kurt-Schumacher-Straße ,,,,,
Dürrenhofstraße ,,,,,
Eberhardshof ,,,,,
Eberhardshofstraße ,,,,,
Egidienplatz ,,,,,
Elisenstraße ,,,,,
Emmerlingsgasse ,,,,,
Endterstraße ,,,,,
Engelhardsgasse ,,,,,
Entengasse ,,,,,
Ernststraße ,,,,,
Fahrradstraße ,,,,,
Färberplatz ,,,,,
Färberstraße,,,,,
Färbertor ,,,,,
Felixstraße,,,,,
Ferdinandstaße ,,,,,
Feuerleinstraße ,,,,,
Findelgasse ,,,,,
Finkenstraße,,,,,
Fischergasse ,,,,,
Flotowstraße ,,,,,
Frankenschnellweg,,,,,
Frauentor ,,,,,
Frauentorgraben,,,,,
Frauentormauer ,,,,,
Frauentorzwinger ,,,,,
Friedrich-Bergold-Weg ,,,,,
Fuchsstraße ,,,,,
Fürther Straße ,,,,,
Fuggerstraße,,,,,
Füll ,,,,,
Fünferplatz ,,,,,
Fürther Straße ,,,,,
Fürther Tor ,,,,,
Galgenhofstraße ,,,,,
Gebhard-Ott-Straße ,,,,,
Geiersberg ,,,,,
Geisseestraße ,,,,,
Georg-Hager-Straße,,,,,
Georg-Hennch-Straße ,,,,,
Georgstraße,,,,,
Gerlestraße ,,,,,
Gernotstraße,,,,,
Gertrudstraße ,,,,,
Gewerbemuseumsplatz ,,,,,
Gibitzenhofstraße,,,,,
Giselastraße,,,,,
Glaserstraße ,,,,,
Grundfelder Straße,,,,,
Glockendonstraße ,,,,,
Glöckleinsgasse ,,,,,
Gottfriedstraße ,,,,,
Grasersgasse ,,,,,
Grobestraße ,,,,,
Grübelstraße ,,,,,
Grundherrngäßchen ,,,,,
Grünstraße,,,,,
Gugelstraße,,,,,
Guttenbergplatz,,,,,
Halbwachsengäßchen ,,,,,
Hallplatz ,,,,,
Hans-Sachs-Gasse ,,,,,
Hans-Sachs-Platz ,,,,,
Hans-Thoma-Straße ,,,,,
Haslerstraße ,,,,,
Hasstraße ,,,,,
Hauptmarkt ,,,,,
Hautschstraße ,,,,,
Heideloffstraße,,,,,
Heinickestraße,,,,,
Heinrichstraße,,,,,
Hermannstraße,,,,,
Heugäßchen ,,,,,
Heynestraße,,,,,
Hillerstraße ,,,,,
Himpfelshofstraße ,,,,,
Hintere Cramergasse ,,,,,
Hintere Insel Schütt ,,,,,
Hintere Marktstraße,,,,,
Hintere Sterngasse ,,,,,
Hinterm Bahnhof ,,,,,
Hirschelgasse ,,,,,
Hochstraße ,,,,,
Holbeinstraße ,,,,,
Holzschuherstraße ,,,,,
Holzwiesenstraße ,,,,,
Hübnersplatz ,,,,,
Hummelsteiner Weg ,,,,,
Idastraße ,,,,,
Ihlestraße ,,,,,
Imhoffstraße ,,,,,
Innere Cramer-Klett-Straße ,,,,,
Innere Laufer Gasse ,,,,,
Innerer Laufer Platz ,,,,,
Irrerstraße ,,,,,
Jahnstraße ,,,,,
Jakobsplatz ,,,,,
Jakobstor ,,,,,
Jakobstraße ,,,,,
Jamnitzerstraße ,,,,,
Johannesgasse ,,,,,
Johann-Sebastian-Bach-Straße ,,,,,
Josef-Carl-Grund-Straße ,,,,,
Judengasse ,,,,,
Kaiserstraße ,,,,,
Kapellenstraße ,,,,,
Kappengasse ,,,,,
Karl-Bröger-Straße ,,,,,
Karl-Bröger-Tunnel ,,,,,
Karl-Grillenberger-Straße ,,,,,
Karl-Pschigode-Platz ,,,,,
Karlstraße ,,,,,
Kartäusergasse ,,,,,
Kartäusertor ,,,,,
Kaspar-Hauser-Platz ,,,,,
Katharinengasse ,,,,,
Kernstraße ,,,,,
Klaragasse ,,,,,
Klarissenplatz ,,,,,
Kleinweidenmühle ,,,,,
Knorrstraße ,,,,,
Kollwitzstraße ,,,,,
Kolpinggasse ,,,,,
Königstor ,,,,,
Königstorgraben ,,,,,
Königstormauer ,,,,,
Königstorzwinger ,,,,,
Königstraße ,,,,,
Königstraße ,,,,,
Konradstraße ,,,,,
Kontumazgarten ,,,,,
Kornmarkt ,,,,,
Kreutzerstraße ,,,,,
Kreuzsteinstraße ,,,,,
Kühnertsgasse ,,,,,
Kunigundenstraße ,,,,,
Kupferschmiedshof ,,,,,
Kupferstraße ,,,,,
Kürschnershof ,,,,,
Kurt-Karl-Doberer-Straße ,,,,,
Lachfelderstraße ,,,,,
Lammsgasse ,,,,,
Landauergasse ,,,,,
Landgrabenstraße Steinbühl,,,,,
Lange Gasse ,,,,,
Laufertormauer ,,,,,
Laufertorzwinger ,,,,,
Leiblstraße ,,,,,
Lenaustraße ,,,,,
Leopoldstraße ,,,,,
Lessingstraße ,,,,,
Lilienstraße ,,,,,
Lochnerstraße ,,,,,
Lorenzer Straße ,,,,,
Lortzingstraße ,,,,,
Ludwigstor ,,,,,
Ludwigstorzwinger ,,,,,
Ludwigstraße ,,,,,
Luisenstraße ,,,,,
Luitpoldstraße ,,,,,
Maiengasse ,,,,,
Manggasse ,,,,,
Mannertstraße ,,,,,
Manuelastraße ,,,,,
Marie-Beeg-Straße ,,,,,
Marientor ,,,,,
Marientorgraben ,,,,,
Marientormauer ,,,,,
Marientorzwinger ,,,,,
Martin-Treu-Straße ,,,,,
Maximilianstraße ,,,,,
Maxplatz ,,,,,
Maxtormauer ,,,,,
Melanchthonplatz ,,,,,
Melanchthonstraße ,,,,,
Mendelstraße ,,,,,
Menzelhof ,,,,,
Michael-Ende-Straße ,,,,,
Mittlere Kanalstraße ,,,,,
Mittlere Kreuzgasse ,,,,,
Moltkestraße ,,,,,
Mohrengasse ,,,,,
Moosfeldweg ,,,,,
Mostgasse ,,,,,
Muggenhofer Straße ,,,,,
Müllnerstraße ,,,,,
Münzgasse ,,,,,
Münzplatz ,,,,,
Murrstraße ,,,,,
Nägeleinsplatz ,,,,,
Nelkenstraße ,,,,,
Neubleiche ,,,,,
Neue Gasse ,,,,,
Neunhofer Schulweg ,,,,,
Neutormauer ,,,,,
Neutorstraße ,,,,,
Neutorzwinger ,,,,,
Nicolaistraße ,,,,,
Nonnengartenstraße ,,,,,
Nonnengasse ,,,,,
Nopitschstraße ,,,,,
Nützelstraße ,,,,,
Obere Kanalstraße ,,,,,
Obere Kieselbergstraße ,,,,,
Obere Krämersgasse ,,,,,
Obere Kreuzgasse ,,,,,
Obere Mentergasse ,,,,,
Obere Schmiedgasse ,,,,,
Obere Seitenstraße ,,,,,
Obere Söldnersgasse ,,,,,
Obere Talgasse ,,,,,
Obere Turnstraße ,,,,,
Obere Wörthstraße ,,,,,
Oberer Bergauerplatz ,,,,,
Obstgasse ,,,,,
Obstmarkt ,,,,,
Ohmstraße ,,,,,
Olgastraße ,,,,,
Orffstraße ,,,,,
Ossietzkystraße ,,,,,
Otmarstraße ,,,,,
Ottostraße ,,,,,
Paniersplatz ,,,,,
Paradiesstraße ,,,,,
Paumgartnerstraße ,,,,,
Pestalozzistraße ,,,,,
Peter-Henlein-Straße ,,,,,
Peterstraße ,,,,,
Peter-Vischer-Straße ,,,,,
Peuntgasse ,,,,,
Peyerstraße ,,,,,
Pfeifergasse ,,,,,
Pfinzingstraße ,,,,,
Pfründnerstraße ,,,,,
Philipp-Koerber-Weg ,,,,,
Pillenreuther Straße ,,,,,
Platnersgasse ,,,,,
Plobenhofstraße ,,,,,
Praterstraße ,,,,,
Preißlerstraße ,,,,,
Raabstraße ,,,,,
Radbrunnengasse ,,,,,
Rathausplatz ,,,,,
Rathenauplatz ,,,,,
Redtenbacherstraße ,,,,,
Regensburger Straße ,,,,,
Regerstraße ,,,,,
Reitackerstraße ,,,,,
Reutersbrunnenstraße ,,,,,
Reuthweg ,,,,,
Richard-Wagner-Platz ,,,,,
Rietschstraße ,,,,,
Rohrmannstraße ,,,,,
Roonstraße ,,,,,
Rosa-Luxemburg-Platz ,,,,,
Rosenaustraße ,,,,,
Rosengasse ,,,,,
Rosenplütstraße ,,,,,
Rosental ,,,,,
Rothenburger Straße ,,,,,
Rothenburger Straße ,,,,,
Rotschmiedsgasse ,,,,,
Ruprechtraße ,,,,,
Saldorferstraße ,,,,,
Sandstraße ,,,,,
Saubertsraße ,,,,,
Schanzenstraße ,,,,,
Scharrerstraße ,,,,,
Schieferstraße ,,,,,
Schiestlstraße ,,,,,
Schildgasse ,,,,,
Schlachthofstraße ,,,,,
Schlehengasse ,,,,,
Schloßäckerstraße ,,,,,
Schlossstraße ,,,,,
Schlotfegergasse ,,,,,
Schmausengasse ,,,,,
Schonerstraße ,,,,,
Schottengasse ,,,,,
Schulgäßchen ,,,,,
Schumannstraße ,,,,,
Schustergasse ,,,,,
Schwabacher Straße ,,,,,
Seeleinsbühlstraße ,,,,,
Sieben Zeilen ,,,,,
Siebenkeesstraße ,,,,,
Sielstraße ,,,,,
Siemensplatz ,,,,,
Sigmundstraße ,,,,,
Solger Straße ,,,,,
Spenglerstraße ,,,,,
Spitalgasse ,,,,,
Spittlertor ,,,,,
Spittlertorgraben ,,,,,
Spittlertorgraben ,,,,,
Spittlertormauer ,,,,,
Spittlertorzwinger ,,,,,
Spitzenberg ,,,,,
Spohrstraße ,,,,,
Stangengäßchen ,,,,,
Steibweg ,,,,,
Stelzengasse ,,,,,
Stephanstraße ,,,,,
Sterntor ,,,,,
Stöpselgasse ,,,,,
Südliche Fürther Straße ,,,,,
Sündersbühlstraße ,,,,,
Tafelfeldstraße ,,,,,
Tafelfeldtunnel ,,,,,
Tafelhofstraße ,,,,,
Tassilostraße ,,,,,
Tetzelgasse ,,,,,
Theatergasse ,,,,,
Theklastraße ,,,,,
Theresienplatz ,,,,,
Theresienstraße ,,,,,
Trautstraße ,,,,,
Treibberg ,,,,,
Trödelmarkt ,,,,,
Troststraße ,,,,,
Trübnerstraße ,,,,,
Tucherstraße ,,,,,
Tucherzwinger ,,,,,
Tuchgasse ,,,,,
Tullnaustraße ,,,,,
Tulpenstraße ,,,,,
Tunnelstraße ,,,,,
Unschlittplatz ,,,,,
Unschlittplatz ,,,,,
Untere Kanalstraße ,,,,,
Untere Kieselbergstraße ,,,,,
Untere Krämersgasse ,,,,,
Untere Kreuzgasse ,,,,,
Untere Mentergasse ,,,,,
Untere Schmiedgasse ,,,,,
Untere Seitenstraße ,,,,,
Untere Söldnersgasse ,,,,,
Untere Talgasse ,,,,,
Untere Turnstraße ,,,,,
Untere Wörthstraße ,,,,,
Unterer Bergauer Platz ,,,,,
Vestnertorgraben ,,,,,
Vestnertormauer ,,,,,
Volprechtstraße ,,,,,
Volzzstraße ,,,,,
Vordere Cramergasse ,,,,,
Vordere Insel Schütt ,,,,,
Vordere Marktstraße ,,,,,
Vordere Sterngasse ,,,,,
Waaggasse ,,,,,
Waltherstraße ,,,,,
Wandererstraße ,,,,,
Wassergasse ,,,,,
Webersgasse ,,,,,
Webersplatz ,,,,,
Weinmarkt ,,,,,
Weintraubengasse ,,,,,
Weißgerbergasse ,,,,,
Wendlerstraße ,,,,,
Wespennest ,,,,,
Westtor ,,,,,
Westtorgraben ,,,,,
Westtorgraben ,,,,,
Westtormauer ,,,,,
Westtorzwinger ,,,,,
Widhalmstaße ,,,,,
Wiesenstraße ,,,,,
Wilhelm-Bayer-Weg ,,,,,
Wilhelmstraße ,,,,,
Willstraße ,,,,,
Winklerstraße ,,,,,
Wirthstraße ,,,,,
Wölckernstraße,,,,,
Wolgemutstraße ,,,,,
Wunderburggasse ,,,,,
Zerzabelshofstraße ,,,,,
Zickstraße ,,,,,
Zirkelschmiedsgasse ,,,,,
Zollerstraße ,,,,,
Zweigstraße ,,,,,
Zwischen den Fleischbänken ,,,,,